companyId,companyName,marketSegment,programId,programName,roleTitle,campusCategory,fixedMinLPA,fixedMaxLPA,minCgpa,eligibleBranches,selectionStagesCount,bondMonths,confidence,dataYear,sourceCount,primarySourceUrl
netflix,"Netflix India","Big Tech & Global Product",netflix-lateral-only,"Lateral Senior Engineering Only","Senior Software Engineer",unclassified,null,null,null,"N/A (Lateral Only)",0,0,high,2026,1,"https://jobs.netflix.com/"
amazon,"Amazon India","Big Tech & Global Product",amazon-sde1,"Amazon SDE-1 Campus Hiring","Software Development Engineer I (L4)",super-dream,22,30,7,"CSE;IT;AIML;AIDS;ECE",4,0,high,2026,1,"https://www.amazon.jobs/en/teams/student-programs"
cognizant,"Cognizant Technology Solutions","IT Services & Consultancies",cognizant-genc,"Cognizant GenC Campus Hiring","Programmer Analyst Trainee (GenC)",mass,4,4.5,6,"CSE;IT;ECE;EEE;ME;CIVIL",3,0,high,2026,1,"https://careers.cognizant.com/global/en/campus-hiring"
cognizant,"Cognizant Technology Solutions","IT Services & Consultancies",cognizant-genc-elevate,"Cognizant GenC Elevate / Next Hiring","Programmer Analyst Trainee (GenC Elevate)",dream,6.5,7.5,6.5,"CSE;IT;AIML;AIDS;ECE",2,0,high,2026,1,"https://careers.cognizant.com/global/en/campus-hiring"
flipkart,"Flipkart","High-Growth Tech & Unicorns",flipkart-sde1,"Flipkart SDE-1 Campus Hiring","Software Development Engineer I",super-dream,18,26,7,"CSE;IT;AIML;AIDS;ECE",4,0,high,2026,1,"https://www.flipkartcareers.com/early-talent"
goldman-sachs,"Goldman Sachs India","GCC & Global Finance",goldman-sachs-analyst,"Goldman Sachs New Analyst Program (Engineering)","Analyst (Software Engineer)",super-dream,24,28,7,"CSE;IT;AIML;AIDS;ECE;MNC",4,0,high,2026,1,"https://www.goldmansachs.com/careers/students/programs/india/engineering-campus-hiring-program.html"
google,"Google India","Big Tech & Global Product",google-swe-univ,"Google Software Engineer (University Graduate)","Software Engineer II (Entry L3)",super-dream,25,35,8,"CSE;IT;AIML;AIDS;ECE;MNC",5,0,high,2026,1,"https://careers.google.com/students/"
infosys,"Infosys Limited","IT Services & Consultancies",infosys-se,"Infosys Systems Engineer Campus Hiring","Systems Engineer",mass,3.6,4,6,"CSE;IT;ECE;EEE;ME;CIVIL;MCA",3,12,high,2026,1,"https://www.infosys.com/careers/graduates-interns.html"
infosys,"Infosys Limited","IT Services & Consultancies",infosys-sp,"Infosys Specialist Programmer (HackWithInfy)","Specialist Programmer",super-dream,9.5,10,6.5,"CSE;IT;AIML;AIDS;ECE",2,0,high,2026,1,"https://www.infosys.com/careers/hackwithinfy.html"
jpmorgan,"JPMorgan Chase & Co.","GCC & Global Finance",jpmorgan-sep,"JPMorgan Chase Software Engineer Program (SEP)","Software Engineer",dream,16,20,7,"CSE;IT;AIML;AIDS;ECE",3,0,high,2026,1,"https://careers.jpmorgan.com/global/en/students/programs/software-engineer-program"
lnt,"Larsen & Toubro","Core Engineering & Infrastructure",lnt-get,"L&T Graduate Engineer Trainee (GET)","Graduate Engineer Trainee",dream,5.5,7,6.5,"CIVIL;ME;EE;EEE",3,24,high,2026,1,"https://www.larsentoubro.com/corporate/careers/early-careers/"
microsoft,"Microsoft India","Big Tech & Global Product",microsoft-sde-univ,"Microsoft Software Engineer (University Grad)","Software Engineer (Level 59)",super-dream,24,32,7.5,"CSE;IT;AIML;AIDS;ECE",4,0,high,2026,1,"https://careers.microsoft.com/students/us/en"
qualcomm,"Qualcomm India","Big Tech & Global Product",qualcomm-assoc-eng,"Qualcomm Associate Engineer Campus Hiring","Associate Engineer",super-dream,16,22,7,"CSE;ECE;EEE;AIML",4,0,high,2026,1,"https://www.qualcomm.com/company/careers/students-and-grads"
swiggy,"Swiggy","High-Growth Tech & Unicorns",swiggy-sde1,"Swiggy SDE-1 Campus Hiring","Software Development Engineer I",super-dream,16,22,7,"CSE;IT;AIML;AIDS;ECE",4,0,high,2026,1,"https://careers.swiggy.com/#/campus"
tcs,"Tata Consultancy Services","IT Services & Consultancies",tcs-ninja,"TCS Ninja Hiring","Assistant Systems Engineer",mass,3.36,3.6,6,"CSE;IT;ECE;EEE;ME;CIVIL;MCA",3,12,high,2026,2,"https://nextstep.tcs.com/campus/"
tcs,"Tata Consultancy Services","IT Services & Consultancies",tcs-digital,"TCS Digital Hiring","Systems Engineer",dream,7,7.5,6.5,"CSE;IT;AIML;AIDS;ECE;EEE",3,12,high,2026,1,"https://www.tcs.com/careers/india/tcs-fresher-hiring"
tcs,"Tata Consultancy Services","IT Services & Consultancies",tcs-prime,"TCS Prime Hiring","Systems Engineer (Prime Cadre)",super-dream,9,11.5,7.5,"CSE;IT;AIML;AIDS;DS",2,12,high,2026,1,"https://www.tcs.com/careers/india/tcs-fresher-hiring"
tata-motors,"Tata Motors","Core Engineering & Automotive",tatamotors-get,"Tata Motors Graduate Engineer Trainee (GET)","Graduate Engineer Trainee",dream,6.5,8.5,6.5,"ME;AUTO;MECHATRONICS;EE;EEE;ECE",4,24,high,2026,1,"https://www.tatamotors.com/careers/early-careers/"
wipro,"Wipro Limited","IT Services & Consultancies",wipro-elite,"Wipro Elite National Talent Hunt (NLTH)","Project Engineer",mass,3.5,3.8,6,"CSE;IT;ECE;EEE;ME;CIVIL",3,12,high,2026,1,"https://careers.wipro.com/early-careers"
zomato,"Zomato","High-Growth Tech & Unicorns",zomato-sde1,"Zomato SDE-1 Campus Hiring","Software Development Engineer I",super-dream,16,22,7,"CSE;IT;AIML;AIDS;ECE",4,0,high,2026,1,"https://www.zomato.com/careers"
accenture,"Accenture India","IT Services & Consultancies",accenture-ase,"Accenture Associate Software Engineer (ASE)","Associate Software Engineer",mass,4.5,4.6,6.5,"CSE;IT;ECE;EEE;ME;CIVIL",4,0,high,2026,1,"https://www.accenture.com/in-en/careers/local/entry-level-career-programs"
adobe,"Adobe Systems India","Big Tech & Global Product",adobe-se1,"Adobe Software Engineer 1 (Campus)","Software Engineer 1 (SE1)",super-dream,22,30,7.5,"CSE;IT;AIML;AIDS;ECE",4,0,high,2026,1,"https://www.adobe.com/careers/university.html"
american-express,"American Express India","GCC & Global Finance",american-express-analyst,"American Express Campus Technology Analyst","Engineer I (Band 28)",dream,15,18,7,"CSE;IT;AIML;AIDS;ECE",4,0,high,2026,1,"https://www.americanexpress.com/en-in/careers/students-and-graduates/"
apple,"Apple India","Big Tech & Global Product",apple-swe-univ,"Apple Software Engineer (Early Career)","Software Engineer (ICT2)",super-dream,24,34,8,"CSE;IT;AIML;AIDS;ECE",4,0,high,2026,1,"https://www.apple.com/careers/in/"
atlassian,"Atlassian India","Big Tech & Global Product",atlassian-grad-swe,"Atlassian Graduate Software Engineer Program","Graduate Software Engineer (P3)",super-dream,24,32,7.5,"CSE;IT;AIML;AIDS;ECE",4,0,high,2026,1,"https://www.atlassian.com/company/careers/graduates"
bosch-india,"Bosch India","Core Engineering & Embedded",bosch-get,"Bosch Graduate Engineer Trainee (GET)","Associate Software Engineer (ASSE)",dream,6,8,7,"ECE;EEE;CSE;AUTO;MECHATRONICS",4,0,high,2026,1,"https://www.bosch.in/careers/start-your-career/graduates/"
capgemini,"Capgemini India","IT Services & Consultancies",capgemini-analyst,"Capgemini Exceller Analyst Hiring","Analyst (Software Engineer)",mass,4,4.25,6,"CSE;IT;ECE;EEE;ME;CIVIL",4,0,high,2026,1,"https://www.capgemini.com/in-en/careers/join-capgemini/campus-recruitment/"
cisco,"Cisco Systems India","Big Tech & Global Product",cisco-assoc-se,"Cisco Associate Software Engineer (Grade 6)","Software Engineer (Grade 6)",dream,14,18,7,"CSE;IT;AIML;AIDS;ECE",4,0,high,2026,1,"https://www.cisco.com/c/en/us/about/careers/students-and-new-graduates.html"
cred,"CRED","High-Growth Tech & Unicorns",cred-sde1,"CRED Software Engineer Campus Hiring","Software Engineer",super-dream,24,32,8,"CSE;IT;AIML;AIDS;ECE",4,0,high,2026,1,"https://careers.cred.club/"
dream11,"Dream11 (Dream Sports)","High-Growth Tech & Unicorns",dream11-sde1,"Dream11 SDE-1 Campus Hiring","Software Development Engineer I",super-dream,20,26,7.5,"CSE;IT;AIML;AIDS;ECE",4,0,high,2026,1,"https://www.dreamsports.group/careers/"
freshworks,"Freshworks","High-Growth Tech & Unicorns",freshworks-ase,"Freshworks Campus Software Engineer Program","Software Engineer",dream,10,14,7,"CSE;IT;AIML;AIDS;ECE",4,0,high,2026,1,"https://www.freshworks.com/company/careers/"
groww,"Groww","High-Growth Tech & Unicorns",groww-sde1,"Groww SDE-1 Campus Hiring","Software Development Engineer I",super-dream,16,22,7,"CSE;IT;AIML;AIDS;ECE",4,0,high,2026,1,"https://groww.in/careers"
hcltech,"HCL Technologies","IT Services & Consultancies",hcltech-get,"HCLTech Graduate Engineer Trainee (GET)","Graduate Engineer Trainee",mass,4.25,4.75,6.5,"CSE;IT;ECE;EEE;ME",3,12,high,2026,1,"https://www.hcltech.com/careers/early-careers"
inmobi,"InMobi","High-Growth Tech & Unicorns",inmobi-sde1,"InMobi Software Engineer Campus Hiring","Software Engineer",super-dream,16,22,7,"CSE;IT;AIML;AIDS;ECE",4,0,high,2026,1,"https://www.inmobi.com/company/careers/"
intel,"Intel India","Big Tech & Global Product",intel-assoc-eng,"Intel Associate Hardware/Software Engineer","Associate Engineer (Grade 5)",dream,14,20,7,"CSE;ECE;EEE;AIML",4,0,high,2026,1,"https://www.intel.com/content/www/us/en/jobs/locations/india.html"
linkedin,"LinkedIn India","Big Tech & Global Product",linkedin-assoc-swe,"LinkedIn Associate Software Engineer (Campus)","Software Engineer (Entry)",super-dream,22,30,8,"CSE;IT;AIML;AIDS;ECE",4,0,high,2026,1,"https://careers.linkedin.com/students"
ltimindtree,"LTIMindtree","IT Services & Consultancies",ltimindtree-graduate,"LTIMindtree Graduate Trainee Hiring","Graduate Trainee",mass,4,5,6,"CSE;IT;ECE;EEE;ME",3,24,high,2026,1,"https://www.ltimindtree.com/careers/early-careers/"
mahindra,"Mahindra & Mahindra","Core Engineering & Automotive",mahindra-get,"Mahindra Graduate Engineer Trainee (GET)","Graduate Engineer Trainee",dream,6,8,6.5,"ME;AUTO;MECHATRONICS;EE;EEE",4,24,high,2026,1,"https://www.mahindra.com/careers/students-and-graduates"
mastercard,"Mastercard India","GCC & Global Finance",mastercard-ase,"Mastercard Launch Campus Program","Software Engineer",dream,14,18,7,"CSE;IT;AIML;AIDS;ECE",4,0,high,2026,1,"https://www.mastercard.us/en-us/vision/who-we-are/careers/campus.html"
meesho,"Meesho","High-Growth Tech & Unicorns",meesho-sde1,"Meesho SDE-1 Campus Hiring","Software Development Engineer I",super-dream,18,24,7,"CSE;IT;AIML;AIDS;ECE",4,0,high,2026,1,"https://www.meesho.io/careers"
meta,"Meta India","Big Tech & Global Product",meta-swe-univ,"Meta Software Engineer (University Grad)","Software Engineer (Entry E3)",super-dream,28,38,8,"CSE;IT;AIML;AIDS;ECE",4,0,high,2026,1,"https://www.metacareers.com/students-and-grads/"
morgan-stanley,"Morgan Stanley India","GCC & Global Finance",morgan-stanley-analyst,"Morgan Stanley Technology Analyst Program","Technology Analyst",super-dream,20,25,7,"CSE;IT;AIML;AIDS;ECE",4,0,high,2026,1,"https://www.morganstanley.com/careers/student-programs/technology-full-time-analyst-program"
myntra,"Myntra","High-Growth Tech & Unicorns",myntra-sde1,"Myntra SDE-1 Campus Hiring (HackerRamp)","Software Development Engineer I",super-dream,18,24,7,"CSE;IT;AIML;AIDS;ECE",4,0,high,2026,1,"https://careers.myntra.com/"
netflix,"Netflix India","Big Tech & Global Product",netflix-grad-intern,"Netflix Emerging Talent / Summer Engineering Intern","Engineering Intern (Select Emerging Talent)",unclassified,null,null,8.5,"CSE;IT;AIML",2,0,high,2026,1,"https://jobs.netflix.com/"
nvidia,"NVIDIA India","Big Tech & Global Product",nvidia-assoc-swe,"NVIDIA Associate Software Engineer (IC1)","Associate Software Engineer (IC1)",super-dream,20,28,7.5,"CSE;IT;AIML;AIDS;ECE",4,0,high,2026,1,"https://www.nvidia.com/en-in/about-nvidia/careers/university-recruiting/"
nykaa,"Nykaa","High-Growth Tech & Unicorns",nykaa-sde1,"Nykaa Software Engineer Campus Hiring","Software Engineer",dream,12,16,6.5,"CSE;IT;AIML;AIDS;ECE",4,0,high,2026,1,"https://www.nykaa.com/careers"
ola,"Ola (ANI Technologies)","High-Growth Tech & Unicorns",ola-sde1,"Ola SDE-1 Campus Hiring","Software Development Engineer I",dream,10,15,6.5,"CSE;IT;AIML;AIDS;ECE",4,0,high,2026,1,"https://ola.com/careers"
oracle,"Oracle India","Big Tech & Global Product",oracle-assoc-dev,"Oracle Associate Software Engineer (IC1)","Associate Applications Developer (IC1)",dream,14,18,7,"CSE;IT;AIML;AIDS;ECE",4,0,high,2026,1,"https://www.oracle.com/in/corporate/careers/students-graduates/"
paypal,"PayPal India","GCC & Global Finance",paypal-swe,"PayPal University Graduate Engineering Program","Software Engineer 1",super-dream,18,25,7.5,"CSE;IT;AIML;AIDS;ECE",4,0,high,2026,1,"https://careers.pypl.com/university/"
paytm,"Paytm","High-Growth Tech & Unicorns",paytm-sde1,"Paytm Software Engineer Campus Hiring","Software Engineer",dream,10,15,6.5,"CSE;IT;AIML;AIDS;ECE",4,0,high,2026,1,"https://paytm.com/careers"
phonepe,"PhonePe","High-Growth Tech & Unicorns",phonepe-sde1,"PhonePe Software Engineer University Grad","Software Engineer",super-dream,20,26,7.5,"CSE;IT;AIML;AIDS;ECE",4,0,high,2026,1,"https://www.phonepe.com/careers/university/"
razorpay,"Razorpay","High-Growth Tech & Unicorns",razorpay-sde1,"Razorpay SDE-1 Campus Hiring","Software Development Engineer I",super-dream,18,24,7,"CSE;IT;AIML;AIDS;ECE",4,0,high,2026,1,"https://razorpay.com/jobs/university/"
salesforce,"Salesforce India","Big Tech & Global Product",salesforce-amts,"Salesforce Futureforce AMTS Program","Associate Member of Technical Staff (AMTS)",super-dream,22,30,7.5,"CSE;IT;AIML;AIDS;ECE",4,0,high,2026,1,"https://www.salesforce.com/company/careers/university-recruiting/"
sharechat,"ShareChat (Mohalla Tech)","High-Growth Tech & Unicorns",sharechat-sde1,"ShareChat SDE-1 Campus Hiring","Software Development Engineer I",super-dream,18,25,7,"CSE;IT;AIML;AIDS;ECE",4,0,high,2026,1,"https://careers.sharechat.com/"
target,"Target India","GCC & Global Finance",target-engineer,"Target India Campus Technology Program","Engineer (Software Development)",dream,13,16,6.5,"CSE;IT;AIML;AIDS;ECE",4,0,high,2026,1,"https://india.target.com/careers/technology"
tech-mahindra,"Tech Mahindra","IT Services & Consultancies",tech-mahindra-ase,"Tech Mahindra Associate Software Engineer (ELTP)","Associate Software Engineer",mass,3.25,4,6,"CSE;IT;ECE;EEE;ME;CIVIL",3,24,high,2026,1,"https://www.techmahindra.com/en-in/careers/campus-hiring/"
uber,"Uber India","Big Tech & Global Product",uber-swe1,"Uber Software Engineer (University Grad)","Software Engineer I (L3)",super-dream,26,36,8,"CSE;IT;AIML;AIDS;ECE",4,0,high,2026,1,"https://www.uber.com/in/en/careers/university/"
visa,"Visa India","GCC & Global Finance",visa-swe,"Visa Software Engineer College Graduate Program","Software Engineer",super-dream,18,24,7,"CSE;IT;AIML;AIDS;ECE",4,0,high,2026,1,"https://www.visa.co.in/careers/university.html"
walmart,"Walmart Global Tech India","GCC & Global Finance",walmart-sde,"Walmart Global Tech SDE-1 Campus Hiring","Software Development Engineer I",super-dream,18,24,7,"CSE;IT;AIML;AIDS;ECE",4,0,high,2026,1,"https://careers.walmart.com/technology"
zepto,"Zepto","High-Growth Tech & Unicorns",zepto-sde1,"Zepto SDE-1 Campus Hiring","Software Development Engineer I",super-dream,18,24,7,"CSE;IT;AIML;AIDS;ECE",4,0,high,2026,1,"https://www.zeptonow.com/careers"
zoho,"Zoho Corporation","IT Services & Consultancies",zoho-se,"Zoho Software Developer Campus Hiring","Software Developer (Member Technical Staff)",dream,6,10.5,null,"CSE;IT;ECE;EEE;ME;CIVIL;BCA;BSC;MCA",5,0,high,2026,1,"https://www.zoho.com/careers/"